# _tick,_time,frames,mean_episode_return_landlord,loss_landlord,mean_episode_return_landlord_up,loss_landlord_up,mean_episode_return_landlord_down,loss_landlord_down
0,1684548354.8208988,0,-0.2222222238779068,2.3257546424865723,0,0,0,0
1,1684548356.5801983,3200,-0.2222222238779068,2.3257546424865723,0,0,0.19594594836235046,2.3378124237060547
